City_ID,City,Temperature,Humidity,Cloudiness,wind_speed,Date,Country,Longitude,Latitude
0,manokwari,85.19,65,51,9.37,1727848918,ID,134.0833,-0.8667
1,strelka,45.79,71,73,12.19,1727848919,RU,93.0344,58.0728
2,hermanus,55.8,72,96,15.17,1727848919,ZA,19.2345,-34.4187
3,acarau,77.16,82,51,13.91,1727848919,BR,-40.12,-2.8856
4,college,36.45,74,16,3.65,1727848919,US,-147.8028,64.8569
5,hammerfest,39.65,81,40,12.66,1727848919,NO,23.6821,70.6634
6,edinburgh of the seven seas,56.77,88,38,26.28,1727848919,SH,-12.3116,-37.0676
7,grytviken,20.55,79,43,11.27,1727848919,GS,-36.5092,-54.2811
8,punta arenas,37.51,70,0,11.5,1727848825,CL,-70.9167,-53.15
9,port-aux-francais,37.67,79,100,16.8,1727848919,TF,70.2167,-49.35
10,rapid city,65.55,18,0,8.05,1727848759,US,-103.231,44.0805
11,waitangi,53.82,82,100,7.0,1727848920,NZ,-176.5597,-43.9535
12,arraial do cabo,72.32,85,5,30.09,1727848920,BR,-42.0278,-22.9661
13,puerto natales,33.89,95,95,5.23,1727848920,CL,-72.4875,-51.7236
14,ushuaia,31.66,51,0,6.91,1727848808,AR,-68.3,-54.8
15,olonkinbyen,31.41,72,95,12.62,1727848920,SJ,-8.7187,70.9221
16,bethel,55.72,83,88,4.72,1727848920,US,-73.414,41.3712
17,goundam,84.69,58,84,6.67,1727848920,ML,-3.6708,16.4145
18,porto cristo,67.78,88,39,6.33,1727848920,ES,3.333,39.5395
19,ancud,44.82,81,64,8.66,1727848797,CL,-73.8203,-41.8697
20,booue,73.85,97,98,2.01,1727848921,GA,11.9385,-0.0921
21,kavaratti,82.96,77,64,8.9,1727848921,IN,72.642,10.5669
22,kiruna,29.32,86,20,4.61,1727848922,SE,20.2251,67.8557
23,isafjordur,40.42,96,100,6.78,1727848922,IS,-23.124,66.0755
24,papatowai,45.43,94,100,13.62,1727848922,NZ,169.4708,-46.5619
25,hawaiian paradise park,72.81,98,60,1.01,1727848922,US,-154.9731,19.5933
26,pisco,62.65,82,99,8.05,1727848922,PE,-76.2167,-13.7
27,ilulissat,39.22,56,100,18.41,1727848922,GL,-51.1,69.2167
28,cold lake,42.75,87,75,4.61,1727848811,CA,-110.2017,54.4502
29,kedrovyy,47.1,47,59,11.45,1727848922,RU,91.8167,56.1667
30,quellon,43.18,93,100,7.27,1727848923,CL,-73.6167,-43.1167
31,juneau,39.2,100,75,0.0,1727848625,US,-134.4197,58.3019
32,mount isa,94.77,10,0,5.75,1727848923,AU,139.5,-20.7333
33,alice springs,83.75,14,0,11.5,1727848877,AU,133.8833,-23.7
34,kingston,81.55,83,20,5.75,1727848916,JM,-76.7936,17.997
35,kandahar,87.15,16,0,11.12,1727848924,AF,65.75,31.0
36,udachny,32.77,95,100,14.12,1727848924,RU,112.4,66.4167
37,luderitz,63.5,38,0,8.34,1727848924,NA,15.1594,-26.6481
38,kolokani,74.75,83,94,3.65,1727848924,ML,-8.0339,13.5728
39,adamstown,68.38,67,100,10.18,1727848924,PN,-130.1015,-25.066
40,tolanaro,71.67,94,75,13.8,1727848924,MG,46.9987,-25.0319
41,saint-pierre,78.48,53,100,5.75,1727848870,RE,55.4781,-21.3393
42,saint-junien,50.58,99,89,1.59,1727848924,FR,0.9,45.8833
43,nikolayevsk-on-amure,48.47,59,38,7.63,1727848924,RU,140.73,53.1406
44,jamestown,61.02,93,100,5.75,1727848748,US,-79.2353,42.097
45,kasangulu,75.61,75,75,6.26,1727848925,CD,15.1708,-4.5911
46,mount gambier,64.74,51,0,8.05,1727848925,AU,140.7667,-37.8333
47,blackmans bay,56.52,55,0,5.75,1727848925,AU,147.3167,-43.0167
48,kirensk,43.5,67,94,8.77,1727848925,RU,108.1119,57.7853
49,ciudad lazaro cardenas,77.16,92,96,3.96,1727848634,MX,-102.2,17.9583
50,brookings,53.92,42,0,14.97,1727848925,US,-96.7984,44.3114
51,anadyr,41.0,86,100,22.37,1727848925,RU,177.4833,64.75
52,aldan,39.61,88,100,13.76,1727848925,RU,125.3894,58.6031
53,oum hadjer,81.1,59,92,11.72,1727848925,TD,19.6966,13.2954
54,kerikeri,61.92,93,100,10.0,1727848926,NZ,173.9474,-35.2268
55,libenge,71.64,98,100,1.05,1727848926,CD,18.6333,3.65
56,opuwo,70.36,18,4,8.52,1727848926,NA,13.84,-18.0607
57,chongjin,61.66,35,1,9.95,1727848926,KP,129.7758,41.7956
58,verkhnevilyuysk,37.18,97,100,7.47,1727848926,RU,120.3167,63.4453
59,lompoc,57.09,100,0,0.0,1727848744,US,-120.4579,34.6391
60,qaqortoq,37.15,74,26,3.8,1727848926,GL,-46.0333,60.7167
61,teknaf,78.55,93,100,2.33,1727848926,BD,92.3058,20.8624
62,lebu,41.72,79,5,13.53,1727848891,CL,-73.65,-37.6167
63,ocean city,65.86,85,85,8.01,1727848926,US,-74.5746,39.2776
64,mwinilunga,74.82,52,87,5.37,1727848927,ZM,24.4293,-11.7358
65,lapai,73.72,95,90,2.39,1727848927,NG,6.5667,9.05
66,codrington,58.21,65,0,13.22,1727848927,AU,141.9667,-38.2667
67,constantia,50.68,73,7,12.75,1727848927,RO,28.65,44.1833
68,port elizabeth,55.31,97,64,3.0,1727848896,ZA,25.5701,-33.918
69,papao,80.28,80,92,4.32,1727848927,PF,-149.55,-17.75
70,uturoa,79.81,77,63,4.23,1727848927,PF,-151.4333,-16.7333
71,imbituba,66.25,88,60,3.27,1727848928,BR,-48.6703,-28.24
72,fale old settlement,81.46,74,77,10.4,1727848928,TK,-171.2468,-9.3852
73,palmas de monte alto,70.38,65,9,8.01,1727848928,BR,-43.1619,-14.2672
74,itogon,81.43,73,100,4.29,1727848928,PH,120.7333,16.3167
75,thompson,33.96,93,20,4.61,1727848928,CA,-97.8558,55.7435
76,turpan,74.77,14,0,2.62,1727848928,CN,89.1667,42.9333
77,port mathurin,72.72,83,15,18.99,1727848929,MU,63.4167,-19.6833
78,stanley,50.41,92,40,11.5,1727848929,GB,-1.6985,54.868
79,lethem,78.33,71,14,1.81,1727848929,GY,-59.7968,3.3803
80,shingu,80.13,71,74,5.01,1727848929,JP,135.9833,33.7333
81,aginskoye,57.4,40,73,17.87,1727848929,RU,114.53,51.1
82,akjoujt,90.66,26,98,12.06,1727848929,MR,-14.4164,19.6969
83,atafu village,81.77,71,78,3.58,1727848929,TK,-172.5159,-8.5421
84,prince albert,42.75,81,20,5.75,1727848794,CA,-105.7677,53.2001
85,bilibino,35.02,95,100,5.88,1727848929,RU,166.4372,68.0546
86,parabel',44.96,58,15,16.28,1727848930,RU,81.4825,58.6978
87,puerto deseado,36.37,63,62,11.48,1727848930,AR,-65.8938,-47.7503
88,tottori,66.27,94,75,19.57,1727848895,JP,134.2333,35.5
89,recani,77.85,40,49,5.14,1727848930,MA,-4.2688,31.2846
90,gunjur,78.87,94,40,4.61,1727848930,GM,-16.7339,13.2019
91,kaa-khem,57.69,42,41,2.08,1727848930,RU,94.7333,51.6833
92,ribeira grande,75.78,96,100,11.99,1727848930,PT,-28.7,38.5167
93,port lincoln,62.85,66,0,16.33,1727848930,AU,135.8667,-34.7333
94,geraldton,59.41,67,75,18.41,1727848930,AU,114.6,-28.7667
95,kasempa,79.36,24,62,13.69,1727848930,ZM,25.8338,-13.4584
96,soustons,59.56,99,100,3.83,1727848931,FR,-1.3278,43.7533
97,barro alto,63.84,84,42,6.24,1727848931,BR,-41.9117,-11.7608
98,albany,56.77,70,100,3.0,1727848722,US,-73.9662,42.6001
99,malabar,65.21,65,40,16.11,1727848931,AU,151.25,-33.9667
100,tura,85.32,74,100,1.07,1727848931,IN,90.2201,25.5198
101,daru,80.78,78,86,17.81,1727848931,PG,143.2092,-9.0763
102,wakkanai,58.98,88,75,23.02,1727848931,JP,141.6739,45.4094
103,weno,84.15,79,100,4.61,1727848931,FM,151.8468,7.4515
104,anupgarh,102.87,19,0,19.19,1727848931,IN,73.2086,29.1911
105,georgetown,87.75,70,20,10.36,1727848817,MY,100.3354,5.4112
106,vila velha,69.94,94,20,3.44,1727848640,BR,-40.2925,-20.3297
107,suva,80.08,83,40,5.75,1727848932,FJ,178.4415,-18.1416
108,benjamin constant,75.33,70,86,1.59,1727848932,BR,-70.0311,-4.3831
109,salekhard,40.84,79,96,15.64,1727848665,RU,66.6019,66.53
110,kodinsk,45.55,58,95,11.48,1727848932,RU,99.1844,58.6881
111,punta cana,80.37,78,20,4.61,1727848923,DO,-68.4043,18.5818
112,ceeldheer,81.86,65,64,14.65,1727848932,SO,47.1806,3.8488
113,taroa,84.61,72,51,7.65,1727848932,MH,171.2275,8.7058
114,pacocha,60.6,87,84,3.71,1727848932,PE,-71.3333,-17.5833
115,ghazni,71.38,15,0,10.38,1727848933,AF,68.4269,33.5536
116,fortuna,50.92,93,0,0.0,1727848933,US,-124.1573,40.5982
117,al jawf,70.54,56,0,7.38,1727848933,SA,38.75,29.5
118,arkhangel'sk,37.51,87,40,6.71,1727848933,RU,40.5433,64.5401
119,pokhara,79.07,74,23,5.7,1727848933,NP,83.9833,28.2333
120,nemuro,66.56,80,23,15.3,1727848933,JP,145.575,43.3236
121,beledweyne,83.26,54,84,13.47,1727848933,SO,45.2036,4.7358
122,puerto colombia,77.09,74,11,6.04,1727848934,CO,-74.9547,10.9878
123,weyburn,50.22,66,100,1.14,1727848934,CA,-103.8511,49.6668
124,la passe,54.54,85,100,5.41,1727848934,FR,-0.8967,45.5549
125,khandyga,36.27,75,99,3.74,1727848934,RU,135.6,62.6667
126,west island,82.38,69,76,18.41,1727848934,CC,96.8225,-12.1568
127,emporia,53.6,36,2,4.32,1727848934,US,-96.1817,38.4039
128,susuman,29.7,70,69,3.65,1727848934,RU,148.1667,62.7833
129,tongchuanshi,64.4,33,0,6.26,1727848934,CN,109.0897,35.0806
130,mabaruma,75.79,92,4,0.92,1727848934,GY,-59.7833,8.2
131,chibougamau,49.62,93,100,6.91,1727848927,CA,-74.3659,49.9168
132,mooirivier,47.07,66,4,3.67,1727848935,ZA,29.9946,-29.2082
133,inverell,73.11,39,100,5.99,1727848935,AU,151.1167,-29.7833
134,qamdo,63.61,33,40,5.64,1727848935,CN,97.2333,31.1667
135,bredasdorp,54.21,68,98,6.78,1727848935,ZA,20.0403,-34.5322
136,islamkot,96.39,32,0,13.71,1727848935,PK,70.177,24.6997
137,maxixe,71.92,49,67,14.5,1727848935,MZ,35.3472,-23.8597
138,viedma,42.42,52,34,11.45,1727848935,AR,-62.9967,-40.8135
139,sao felix do xingu,71.65,86,69,2.24,1727848935,BR,-51.995,-6.6447
140,vilhena,73.31,70,10,3.76,1727848936,BR,-60.1458,-12.7406
141,tongliao,61.09,30,0,10.94,1727848936,CN,122.2653,43.6125
142,new norfolk,57.7,37,0,5.21,1727848936,AU,147.0587,-42.7826
143,iqaluit,41.7,81,0,13.8,1727848936,CA,-68.5145,63.7506
144,phan rang-thap cham,90.14,58,94,8.95,1727848936,VN,108.9833,11.5667
145,adrar,87.49,24,100,11.83,1727848936,MR,-10.0711,20.5022
146,rawlins,60.69,13,0,17.27,1727848936,US,-107.2387,41.7911
147,coquimbo,52.99,79,0,3.44,1727848705,CL,-71.3436,-29.9533
148,tofol,82.18,83,100,2.3,1727848936,FM,163.0078,5.3248
149,yellowknife,34.32,95,75,17.27,1727848937,CA,-114.3525,62.456
150,murghob,46.2,15,0,11.59,1727848937,TJ,73.9667,38.1702
151,chulakkurgan,72.57,23,42,1.97,1727848937,KZ,69.1814,43.765
152,mejit,84.09,76,63,14.27,1727848937,MH,170.8646,10.2753
153,kostyantynivka,63.27,25,35,12.41,1727848937,UA,37.7069,48.5277
154,tiksi,22.1,81,15,0.89,1727848937,RU,128.8694,71.6872
155,namibe,62.74,86,73,3.98,1727848937,AO,12.1522,-15.1961
156,masterton,59.09,67,100,5.88,1727848937,NZ,175.6575,-40.9597
157,tralee,35.85,100,0,1.14,1727848938,IE,-9.7026,52.2704
158,lerwick,49.42,83,92,4.09,1727848938,GB,-1.1494,60.1545
159,katabu,83.68,70,62,9.93,1727848938,ID,122.5167,-4.9333
160,alachua,74.16,90,72,3.56,1727848869,US,-82.3332,29.7086
161,calamar,75.22,88,0,5.28,1727848938,CO,-74.9146,10.2511
162,freetown,76.71,83,100,10.36,1727848938,SL,-13.2299,8.484
163,taoudenni,95.52,19,100,5.86,1727848938,ML,-3.9836,22.6783
164,guerrero negro,66.99,88,2,8.21,1727848938,MX,-114.0611,27.9769
165,mission,75.18,78,0,4.88,1727848810,US,-98.3253,26.2159
166,avarua,69.85,68,20,8.05,1727848939,CK,-159.775,-21.2078
167,invercargill,48.02,91,100,8.99,1727848939,NZ,168.35,-46.4
168,margaret river,53.01,82,96,27.18,1727848939,AU,115.0667,-33.95
169,malango,75.87,86,55,2.48,1727848939,ID,119.9001,-2.9627
170,sathankulam,87.96,59,100,15.03,1727848939,IN,77.9135,8.4416
171,longyearbyen,28.24,86,75,5.75,1727848939,SJ,15.6401,78.2186
172,cidreira,66.43,98,100,6.42,1727848939,BR,-50.2056,-30.1811
173,mugia,67.91,99,100,14.32,1727848939,ES,-9.2179,43.1041
174,hami,67.95,15,0,1.59,1727848939,CN,93.45,42.8
175,chaumont,49.37,95,51,11.23,1727848940,FR,5.1333,48.1167
176,kathu,86.7,83,100,6.98,1727848940,TH,98.3332,7.9178
177,sitka,47.8,87,99,3.98,1727848940,US,-135.33,57.0531
178,kangding,55.22,96,99,3.69,1727848940,CN,101.9603,30.0513
179,garoowe,80.69,54,23,9.13,1727848940,SO,48.4845,8.4054
180,chiredzi,62.85,54,100,12.84,1727848940,ZW,31.6667,-21.05
181,whitehorse,36.28,95,100,3.44,1727848802,CA,-135.0538,60.7161
182,berdigestyakh,37.8,98,100,8.75,1727848940,RU,126.6992,62.0989
183,caleta de carquin,63.03,92,91,8.37,1727848940,PE,-77.6267,-11.0925
184,morant bay,80.29,85,70,4.9,1727848941,JM,-76.4093,17.8815
185,gadzhiyevo,41.04,77,83,28.74,1727848936,RU,33.3362,69.2551
186,champerico,78.3,77,100,6.55,1727848941,GT,-91.9167,14.3
187,hithadhoo,84.11,72,15,12.08,1727848941,MV,73.0833,-0.6
188,acapulco de juarez,72.73,89,100,2.82,1727848691,MX,-99.8901,16.8634
189,coahuayana de hidalgo,78.53,94,100,1.83,1727848941,MX,-103.6583,18.7
190,lihue,75.74,89,21,9.55,1727848941,US,-159.3672,21.9789
191,cockburn town,82.96,76,9,10.04,1727848941,TC,-71.1419,21.4612
192,karratha,84.69,45,55,21.12,1727848941,AU,116.8463,-20.7377
193,hamilton,57.96,88,89,1.01,1727848810,US,-84.5333,39.1834
194,usogorsk,41.45,63,33,7.38,1727848942,RU,48.6872,63.4106
195,magadan,41.11,74,95,6.46,1727848942,RU,150.8,59.5667
196,lamu,81.3,72,38,9.55,1727848894,KE,40.902,-2.2717
197,novaya mayna,57.96,45,100,9.84,1727848942,RU,49.75,54.15
198,utrik,83.84,79,93,13.2,1727848942,MH,169.8474,11.2278
199,dampit,84.15,63,64,8.34,1727848942,ID,112.7493,-8.2116
200,torghay,65.59,35,64,23.85,1727848942,KZ,63.4981,49.6339
201,puerto santa,62.56,92,92,6.78,1727848942,PE,-78.6456,-8.9906
202,ekibastuz,57.04,58,8,16.75,1727848942,KZ,75.3667,51.6667
203,sinabang,85.21,72,98,2.95,1727848942,ID,96.3801,2.4803
204,yuzhno-kurilsk,71.19,74,26,7.07,1727848943,RU,145.8556,44.0306
205,mednogorsk,56.61,41,98,22.59,1727848943,RU,57.595,51.4128
206,san antonio de pale,76.44,79,100,12.88,1727848928,GQ,5.6325,-1.4014
207,tazovsky,38.73,77,100,11.27,1727848943,RU,78.7,67.4667
208,kabo,72.66,95,100,3.67,1727848943,CF,18.629,7.6994
209,morehead city,71.42,91,40,5.75,1727848943,US,-76.726,34.7229
210,puerto ayora,69.55,92,79,4.0,1727848813,EC,-90.3518,-0.7393
211,cromwell,53.82,88,76,4.03,1727848944,US,-72.6454,41.5951
212,st. john's,51.67,88,100,28.01,1727848944,CA,-52.7093,47.5649
213,saipan,84.74,77,63,17.18,1727848944,MP,145.701,15.1355
214,nova sintra,80.94,82,35,9.89,1727848944,CV,-24.7167,14.8667
215,cole harbour,46.83,94,0,1.01,1727848944,CA,-63.4751,44.6724
216,loch garman,52.9,100,50,7.0,1727848944,IE,-6.4575,52.3342
217,vanimo,86.85,66,100,8.37,1727848944,PG,141.3028,-2.6741
218,tefe,75.31,83,54,0.78,1727848944,BR,-64.7114,-3.3542
219,kourou,76.3,89,39,3.78,1727848807,GF,-52.6478,5.1552
220,talnakh,36.46,84,100,5.39,1727848945,RU,88.3972,69.4865
221,aasiaat,32.34,81,100,7.7,1727848945,GL,-52.8699,68.7098
222,nabire,82.02,83,98,1.16,1727848945,ID,135.4833,-3.3667
223,gibara,79.0,87,16,5.82,1727848945,CU,-76.1317,21.1097
224,tommot,44.98,79,100,11.07,1727848945,RU,126.2925,58.9564
225,opp,67.3,92,0,3.44,1727848733,US,-86.2555,31.2827
226,bubaque,80.92,82,36,9.62,1727848945,GW,-15.8333,11.2833
227,treinta y tres,55.87,84,100,8.99,1727848825,UY,-54.3833,-33.2333
228,linghai,63.61,33,0,8.88,1727848946,CN,121.3667,41.1653
229,sarny,43.72,85,2,2.33,1727848946,UA,26.6019,51.338
230,petropavlovsk-kamchatsky,59.59,48,75,4.47,1727848947,RU,158.6483,53.0452
231,port augusta,82.42,14,0,6.22,1727848947,AU,137.7667,-32.5
232,remire-montjoly,78.84,94,100,3.44,1727848947,GF,-52.2667,4.9167
233,badger,32.0,81,20,3.89,1727848947,US,-147.5333,64.8
234,sandnessjoen,42.91,87,75,5.75,1727848947,NO,12.6316,66.0217
235,al kharj,88.38,19,31,11.74,1727848852,SA,47.3346,24.155
236,polohy,63.93,19,17,16.26,1727848947,UA,36.2536,47.4844
237,madalena,65.71,99,100,3.78,1727848947,PT,-8.3345,41.2162
238,chipinge,54.84,77,98,9.17,1727848947,ZW,32.6236,-20.1883
239,port alfred,53.19,93,88,1.41,1727848947,ZA,26.891,-33.5906
240,peniche,68.34,99,97,5.99,1727848948,PT,-9.3811,39.3558
241,nokia,35.58,93,0,1.14,1727848818,FI,23.5,61.4667
242,malpica,67.23,98,100,14.81,1727848948,ES,-8.8105,43.3228
243,zhangjiakou,55.94,32,9,6.33,1727848948,CN,114.8794,40.81
244,enewetak,84.43,78,55,16.84,1727848948,MH,162.3373,11.3474
245,chernyshevskiy,34.66,79,100,17.18,1727848948,RU,112.4714,63.0128
246,platteville,51.78,50,0,0.0,1727848949,US,-90.4785,42.7342
247,puerto baquerizo moreno,68.56,88,98,10.51,1727848949,EC,-89.6,-0.9
248,urengoy,39.85,72,87,16.69,1727848949,RU,78.3667,65.9667
249,banjar,89.28,56,8,6.71,1727848949,ID,114.9675,-8.19
250,tarnogskiy gorodok,46.62,60,100,6.67,1727848949,RU,43.5761,60.4997
251,klyuchi,57.81,53,69,15.05,1727848950,RU,79.1667,52.2667
252,carnarvon,70.65,69,52,25.99,1727848950,AU,113.6333,-24.8667
253,daly city,69.51,54,0,0.0,1727848652,US,-122.4619,37.7058
254,berezovyy,51.06,42,39,9.86,1727848951,RU,135.7,51.6667
255,birao,71.56,93,100,4.23,1727848951,CF,22.7882,10.2849
256,gorom-gorom,82.94,67,95,8.81,1727848352,BF,-0.2361,14.4439
257,callaway,72.54,86,26,1.99,1727848353,US,-85.5699,30.153
258,kapenguria,65.55,65,79,1.66,1727848354,KE,35.0895,1.2511
259,shar'ya,49.33,52,26,7.85,1727848355,RU,45.5144,58.3686
260,colonia,47.34,90,0,4.61,1727848130,DE,6.95,50.9333
261,illizi,79.56,31,0,6.17,1727848357,DZ,8.4667,26.4833
262,vorgashor,37.13,87,98,18.05,1727848359,RU,63.95,67.5833
263,dubbo,75.33,29,20,12.66,1727848360,AU,148.6167,-32.25
264,mahina,80.37,74,20,4.61,1727848361,PF,-149.489,-17.5065
265,saudarkrokur,43.86,94,100,15.32,1727848362,IS,-19.6394,65.7461
266,tervel,52.7,75,8,3.58,1727848363,BG,27.4,43.75
267,keflavik,45.03,93,100,10.36,1727848365,IS,-22.5624,64.0049
268,yarmouth,56.98,89,100,4.0,1727848214,US,-70.2286,41.7057
269,bhamo,84.96,67,100,4.21,1727848368,MM,97.2333,24.2667
270,iskateley,40.35,73,100,20.98,1727848369,RU,53.1512,67.6803
271,afaahiti,77.43,80,82,4.59,1727848370,PF,-149.2833,-17.75
272,qarazhal,69.55,10,9,1.97,1727848371,KZ,70.7903,48.0078
273,east london,56.34,88,75,5.75,1727848372,ZA,27.9116,-33.0153
274,dickinson,79.99,72,0,6.91,1727848374,US,-95.0513,29.4608
275,yanam,94.66,52,57,6.69,1727848375,IN,82.2167,16.7333
276,altai,53.02,24,0,10.76,1727848376,MN,96.2583,46.3722
277,stung treng,86.94,76,89,2.8,1727848377,KH,105.9683,13.5259
278,raja,71.56,92,100,2.1,1727848378,SS,25.678,8.4596
279,minas de matahambre,75.31,92,15,2.75,1727848379,CU,-83.9447,22.5887
280,vanino,57.38,32,58,7.25,1727848107,RU,140.2543,49.0869
281,san pablo huixtepec,63.39,90,100,5.12,1727848381,MX,-96.7667,16.8333
282,iwanai,62.01,90,100,9.69,1727848383,JP,140.5089,42.9744
283,tulun,59.07,57,100,14.97,1727848384,RU,100.5792,54.5611
284,howard springs,94.6,53,6,10.18,1727848385,AU,131.047,-12.497
285,sabang,83.01,77,100,8.46,1727848387,ID,95.3214,5.8933
286,reggane,86.77,24,10,17.47,1727848388,DZ,0.1714,26.7158
287,isoka,77.38,36,54,9.17,1727848389,ZM,32.6335,-10.1606
288,necochea,40.15,90,36,7.16,1727848391,AR,-58.7368,-38.5473
289,jinghong,72.34,85,100,2.73,1727848392,CN,100.7341,21.991
290,christchurch,60.19,66,20,21.99,1727848393,NZ,172.6333,-43.5333
291,jwaneng,58.17,38,0,20.11,1727848394,BW,24.7303,-24.6004
292,nieuw amsterdam,76.84,88,33,6.22,1727848395,SR,-55.0833,5.8833
293,lionel town,78.46,90,96,5.3,1727848396,JM,-77.2406,17.8101
294,saint-pie,56.59,79,10,1.14,1727848397,CA,-72.8991,45.5001
295,mount pearl,49.33,93,100,23.02,1727848398,CA,-52.7813,47.5166
296,tabou,76.17,89,99,7.38,1727848400,CI,-7.3528,4.423
297,mil'kovo,53.35,34,75,8.88,1727848401,RU,37.7956,55.6078
298,sosnovka,49.39,36,21,9.04,1727848403,RU,51.2842,56.255
299,sao miguel do araguaia,81.1,31,1,4.25,1727848405,BR,-50.1628,-13.275
300,mancio lima,76.12,71,82,2.86,1727848407,BR,-72.8958,-7.6142
301,gudul,53.01,83,100,5.88,1727848408,TR,32.2455,40.2105
302,mukalla,82.98,67,60,9.26,1727848410,YE,49.1242,14.5425
303,argostolion,67.75,45,0,0.0,1727848411,GR,20.489,38.1811
304,kodiak,44.11,70,0,4.61,1727848412,US,-152.4072,57.79
305,dudinka,38.07,77,100,6.89,1727848413,RU,86.1778,69.4058
306,amahai,82.29,65,83,8.25,1727848414,ID,128.9167,-3.3333
307,labrador city,44.19,68,0,13.0,1727848214,CA,-66.9114,52.9463
308,kolyvan',51.6,39,12,9.62,1727848418,RU,82.7391,55.3053
309,sao joao da barra,72.25,83,0,22.32,1727848419,BR,-41.0511,-21.6403
310,cachoeira do sul,65.62,98,100,4.68,1727848420,BR,-52.8939,-30.0392
311,santanyi,69.49,88,38,8.88,1727848421,ES,3.1291,39.3546
312,vorkuta,37.42,86,97,18.05,1727848422,RU,64.0,67.5
313,castillos,51.75,94,93,6.29,1727848425,UY,-53.8333,-34.1667
314,galesong,88.5,59,20,11.43,1727848426,ID,119.3661,-5.3166
315,alotau,80.73,79,69,5.93,1727848427,PG,150.4462,-10.3069
316,khuzdar,88.7,17,0,6.89,1727848428,PK,66.6434,27.7384
317,tsiombe,70.57,66,100,12.41,1727848429,MG,45.4833,-25.3
318,terra nova,62.38,97,92,3.11,1727848430,BR,-40.6667,-12.3667
319,agat village,85.77,84,40,10.36,1727848431,GU,144.6585,13.3886
320,vallenar,65.08,38,0,3.47,1727848433,CL,-70.7581,-28.5708
321,howrah,86.0,84,75,5.75,1727848434,IN,88.3103,22.5892
322,mbanza kongo,72.43,77,97,4.47,1727848435,AO,14.2401,-6.267
323,bayanhongor,42.15,45,2,2.95,1727848436,MN,100.1167,46.7167
324,puerto quijarro,85.39,34,75,1.74,1727848437,BO,-57.7667,-17.7833
325,borzya,54.82,45,69,17.09,1727848438,RU,116.5167,50.3833
326,vyksa,59.16,41,100,8.81,1727848439,RU,42.1744,55.3175
327,kem',44.65,82,98,6.22,1727848441,RU,34.5793,64.9555
328,ocean shores,54.3,96,0,5.75,1727848442,US,-124.1563,46.9737
329,rechka-vydrino,55.45,62,75,3.47,1727848443,RU,104.8461,51.485
330,badiyah,87.96,48,0,6.76,1727848444,OM,58.8,22.45
331,nuuk,36.21,93,75,4.61,1727848445,GL,-51.7216,64.1835
332,vilyuchinsk,61.07,77,100,5.5,1727848446,RU,158.4028,52.9306
333,klaksvik,48.24,75,86,8.43,1727848447,FO,-6.589,62.2266
334,launceston,62.24,51,4,12.66,1727848448,AU,147.1667,-41.45
335,kill devil hills,70.03,91,100,12.66,1727848449,US,-75.676,36.0307
336,didouche mourad,68.22,72,40,2.3,1727848451,DZ,6.6364,36.4525
337,yigo village,86.29,82,40,10.36,1727848452,GU,144.8886,13.5361
338,al qadarif,77.54,69,99,9.01,1727848453,SD,35.3834,14.0349
339,crane,71.67,46,0,11.03,1727848454,US,-102.3501,31.3974
340,windhoek,59.72,10,0,7.0,1727848455,NA,17.0832,-22.5594
341,zalesovo,54.82,62,100,8.1,1727848960,RU,84.7431,53.9939
342,aldinga beach,70.16,50,0,6.93,1727848960,AU,138.4604,-35.2793
343,saint-philippe,73.83,77,48,11.16,1727848960,RE,55.7679,-21.3585
344,pokrovsk,62.91,23,55,13.18,1727848961,UA,37.1758,48.282
345,tromso,37.42,87,75,17.27,1727848961,NO,18.957,69.6496
346,kruisfontein,55.49,63,20,3.8,1727848961,ZA,24.7314,-34.0033
347,kone,74.28,59,7,9.93,1727848961,NC,164.8658,-21.0595
348,dryden,52.09,50,100,12.66,1727848925,CA,-92.7503,49.7833
349,bikenibeu village,87.76,70,20,9.22,1727848961,KI,173.1241,1.3673
350,grand baie,79.45,66,1,5.01,1727848962,MU,57.5802,-20.0182
351,rudnichnyy,43.27,52,88,5.5,1727848962,RU,52.4703,59.617
352,dzhalagash,72.07,26,95,8.28,1727848962,KZ,64.6667,45.0833
353,bandarbeyla,82.92,65,13,15.68,1727848962,SO,50.8122,9.4942
354,gillette,58.17,20,100,7.0,1727848962,US,-105.5022,44.2911
355,flying fish cove,82.08,78,100,10.36,1727848962,CX,105.6791,-10.4217
356,st anne,58.42,82,92,17.65,1727848962,GG,-2.2042,49.715
357,dodge city,54.27,52,0,4.0,1727848880,US,-100.0171,37.7528
358,biloela,76.57,37,46,13.4,1727848963,AU,150.5,-24.4167
359,nar'yan-mar,39.85,73,100,20.96,1727848963,RU,53.087,67.6713
360,clewiston,77.0,82,89,4.72,1727848799,US,-80.9337,26.7542
361,luanco,62.58,99,100,10.0,1727848963,ES,-5.7934,43.6152
362,hadibu,81.03,70,36,1.95,1727848963,YE,54.0333,12.65
363,nago,82.31,85,100,10.18,1727848963,JP,127.9761,26.5881
364,i-n-salah,82.36,29,3,11.3,1727848964,DZ,2.4607,27.1935
365,wulingyuan,60.26,58,92,2.04,1727848964,CN,110.5441,29.3494
366,rawatsar,101.35,19,0,14.03,1727848964,IN,74.3833,29.2833
367,mezhdurechensk,57.04,63,96,3.96,1727848964,RU,88.0603,53.6942
368,sabancuy,78.28,89,100,4.79,1727848964,MX,-91.1833,18.9667
369,shimoda,80.42,72,59,6.71,1727848964,JP,138.95,34.6667
370,porto novo,78.62,91,86,3.87,1727848964,BJ,2.6036,6.4965
371,portland,63.64,77,8,4.0,1727848825,US,-122.6762,45.5234
372,malvan,84.18,80,7,5.59,1727848964,IN,73.4667,16.0667
373,cururupu,75.34,91,65,3.13,1727848965,BR,-44.8683,-1.8283
374,igrim,46.38,51,31,11.3,1727848965,RU,64.4162,63.1906
375,sumbawa besar,94.78,41,40,9.35,1727848828,ID,117.4333,-8.5
376,manggar,85.62,67,100,10.0,1727848965,ID,108.2667,-2.8833
377,beloyarskiy,44.38,63,62,9.93,1727848965,RU,66.6722,63.7119
378,sredets,53.74,46,19,1.77,1727848965,BG,27.179,42.3475
379,levuka,49.71,45,100,5.26,1727848965,CA,-105.4011,50.1834
380,nguigmi,86.34,45,99,8.05,1727848966,NE,13.1092,14.2495
381,paraiso,61.95,100,100,3.8,1727848966,CR,-83.8656,9.8383
382,holualoa,73.26,90,20,3.49,1727848966,US,-155.9522,19.6228
383,payson,61.03,33,20,3.0,1727848966,US,-111.7321,40.0444
384,balsas,83.7,28,100,4.34,1727848967,BR,-46.0356,-7.5325
385,mermoz boabab,80.38,94,40,4.61,1727848967,SN,-17.4758,14.7065
386,tual,80.91,76,78,8.95,1727848957,ID,132.75,-5.6667
387,queenstown,45.25,71,18,3.06,1727848831,ZA,26.8753,-31.8976
388,yamada,78.01,63,1,9.37,1727848967,JP,141.95,39.4667
389,toliara,78.13,62,42,15.68,1727848967,MG,43.6667,-23.35
390,mingshui,63.52,26,0,6.71,1727848967,CN,117.5,36.7167
391,hotan,65.77,22,8,4.97,1727848967,CN,79.9269,37.0997
392,jumla,71.96,46,8,6.6,1727848968,NP,82.1838,29.2747
393,itoman,87.82,84,75,16.11,1727848968,JP,127.6694,26.1247
394,mitu,73.76,92,93,1.57,1727848968,CO,-70.1733,1.1983
395,llanes,64.85,95,100,10.36,1727848969,ES,-4.7549,43.4198
396,burang,54.84,29,0,6.06,1727848969,CN,81.1667,30.25
397,eastham,58.26,87,100,12.26,1727848969,US,-69.9739,41.8301
398,ad dabbah,90.57,20,28,11.63,1727848969,SD,30.95,18.05
399,santa elena de uairen,67.6,88,49,1.07,1727848969,VE,-61.1333,4.6167
400,wajir,78.76,65,100,13.8,1727848970,KE,40.0573,1.7471
401,nykvarn,39.18,78,100,6.29,1727848970,SE,18.3,59.8
402,enriquillo,77.92,85,2,4.81,1727848970,DO,-71.2333,17.9
403,stephenville,67.24,73,0,1.99,1727848950,US,-98.2023,32.2207
404,broome,57.33,87,100,5.75,1727848970,US,-75.833,42.2506
405,rio bonito,63.84,72,10,4.47,1727848929,BR,-42.6097,-22.7086
406,pont rouge,55.56,78,98,12.5,1727848971,CA,-72.0825,48.8833
407,fort bragg,69.39,96,100,4.61,1727848971,US,-79.006,35.139
408,kristiansund,47.05,93,75,1.14,1727848971,NO,7.732,63.1115
409,rio tuba,84.6,73,100,6.15,1727848971,PH,117.4317,8.5061
410,salamanca,59.9,97,96,9.6,1727848971,ES,-6.0,40.8333
411,metlili chaamba,79.74,39,20,0.0,1727848971,DZ,3.6333,32.2667
412,langxiang,50.92,44,8,11.95,1727848971,CN,128.8833,46.95
413,xilin hot,52.25,40,0,17.25,1727848972,CN,116.0333,43.9667
414,jinshi,78.44,17,58,14.7,1727848972,CN,111.8701,29.6049
415,san luis,51.8,42,24,19.1,1727848867,AR,-66.3356,-33.295
416,bayganin,67.24,27,61,19.42,1727848972,KZ,55.8742,48.6947
417,preobrazheniye,59.49,35,16,14.03,1727848972,RU,133.9064,42.9019
418,ushirombo,77.29,55,72,3.44,1727848972,TZ,31.9639,-3.4919
419,kalabo,78.78,16,85,7.29,1727848972,ZM,22.6814,-14.97
420,hafar al-batin,82.98,20,0,9.22,1727848972,SA,45.9708,28.4328
421,el alto,63.3,85,91,11.43,1727848972,PE,-81.2147,-4.2714
422,rumphi,77.99,40,4,11.36,1727848973,MW,33.8575,-11.0186
423,nagqu,61.5,29,6,10.18,1727848973,CN,92.0,31.5
424,mahenge,69.57,65,95,4.12,1727848973,TZ,36.7167,-8.6833
425,mwene-ditu,72.12,73,82,1.52,1727848973,CD,23.45,-7.0
426,puerto madero,77.74,77,100,2.8,1727848973,MX,-92.4215,14.7208
427,esquel,30.96,92,38,7.11,1727848973,AR,-71.3167,-42.9
428,comodoro rivadavia,43.0,77,84,9.84,1727848681,AR,-67.5,-45.8667
429,nishinoomote,79.36,94,75,8.05,1727848974,JP,131.0,30.7333
430,newman,82.0,17,0,4.56,1727848974,US,-121.0208,37.3138
431,kuqa,67.59,21,22,10.42,1727848974,CN,82.9364,41.7278
432,fada n'gourma,73.8,86,92,6.55,1727848974,BF,0.3578,12.0622
433,mercedes,48.94,48,22,6.67,1727848786,AR,-59.4307,-34.6515
434,roma,55.42,89,49,1.99,1727848811,US,-75.4557,43.2128
435,basoko,73.0,96,100,0.98,1727848975,CD,23.616,1.2391
436,qurayyat,64.58,63,0,4.61,1727848975,SA,37.3428,31.3318
437,salinopolis,78.46,86,41,8.55,1727848975,BR,-47.3561,-0.6136
438,trairi,77.07,79,47,13.2,1727848766,BR,-39.2689,-3.2778
439,arish,75.54,59,14,10.56,1727848975,EG,33.7984,31.1316
440,beatrice,46.49,61,0,0.0,1727848975,US,-96.747,40.2681
441,quiberon,53.2,80,23,8.81,1727848975,FR,-3.1196,47.4841
442,faya-largeau,87.62,26,54,24.09,1727848975,TD,19.1043,17.9257
443,thabazimbi,62.15,35,0,1.57,1727848976,ZA,27.4116,-24.5917
444,zheleznogorsk,59.72,27,5,10.45,1727848976,RU,35.3711,52.331
445,aktau,70.38,30,40,19.28,1727848976,KZ,51.2,43.65
446,north battleford,44.69,93,75,9.22,1727848821,CA,-108.2847,52.7834
447,port douglas,77.88,71,11,13.4,1727848976,AU,145.4667,-16.4833
448,oranjemund,62.46,38,2,5.84,1727848976,NA,16.4333,-28.55
449,ilhabela,77.95,47,2,5.01,1727848976,BR,-45.3581,-23.7781
450,san patricio,71.55,69,0,5.37,1727848976,US,-97.5169,28.017
451,rio grande,61.18,92,100,18.32,1727848977,BR,-52.0986,-32.035
452,cidade velha,79.27,94,75,6.91,1727848977,CV,-23.6167,14.9167
453,northam,55.62,88,73,10.36,1727848977,GB,-4.2167,51.0333
454,lethbridge,59.11,38,0,20.71,1727848840,CA,-112.8186,49.7
455,kailua-kona,76.48,92,10,4.43,1727848873,US,-155.9956,19.6406
456,novyy urengoy,37.96,83,97,17.02,1727848978,RU,76.6333,66.0833
457,conduaga,84.69,76,100,5.84,1727848978,PH,117.4893,8.862
458,yatou,63.91,35,4,12.39,1727848978,CN,122.3833,37.15
459,kargasok,43.41,64,28,17.25,1727848979,RU,80.8572,59.0556
460,chonchi,44.11,95,95,2.66,1727848979,CL,-73.8092,-42.6128
461,kralendijk,83.5,75,13,5.44,1727848979,BQ,-68.2667,12.15
462,idri,71.8,36,0,7.63,1727848813,LY,13.2667,27.5
463,soio,75.02,87,95,9.98,1727848979,AO,12.3689,-6.1349
464,vangaindrano,79.36,63,5,1.54,1727848979,MG,47.6,-23.35
465,souillac,77.38,73,40,8.05,1727848980,MU,57.5167,-20.5167
466,ta`u,78.75,78,84,12.48,1727848980,AS,-169.5144,-14.2336
467,port blair,80.64,89,100,6.91,1727848980,IN,92.75,11.6667
468,banamba,74.53,87,99,5.01,1727848980,ML,-7.45,13.55
469,brigantine,65.82,91,100,6.91,1727848931,US,-74.3646,39.4101
470,santa ana,64.62,89,0,0.0,1727848808,US,-117.8678,33.7456
471,nuku'alofa,73.74,88,75,17.27,1727848980,TO,-175.2,-21.1333
472,harper,75.97,88,91,8.37,1727848981,LR,-7.7169,4.375
473,bhagalpur,89.62,58,98,8.28,1727848981,IN,87.0,25.25
474,abepura,90.41,66,20,11.5,1727848981,ID,140.5833,-2.6333
475,seaside,62.62,93,0,4.18,1727848889,US,-121.8516,36.6111
476,lazaro cardenas,77.16,92,96,3.96,1727848981,MX,-102.2,17.9583
477,novyy oskol,62.56,26,2,10.96,1727848981,RU,37.8691,50.7631
478,zaozersk,40.6,74,68,28.86,1727848981,RU,32.4476,69.4005
479,noshiro,65.23,86,100,21.61,1727848981,JP,140.0242,40.2039
480,ares,71.11,91,17,7.58,1727848887,BR,-35.1603,-6.1944
481,saldanha,54.46,68,69,11.56,1727848982,ZA,17.9442,-33.0117
482,nichinan,71.82,98,100,5.14,1727848982,JP,131.3667,31.6
483,wotho,84.34,77,31,16.96,1727848982,MH,166.0102,10.1657
484,anloga,78.03,85,99,10.98,1727848982,GH,0.8973,5.7947
485,talara,64.0,88,74,13.65,1727848982,PE,-81.2719,-4.5772
486,koster,52.5,41,0,9.84,1727848982,ZA,26.8976,-25.863
487,macapa,78.78,83,0,6.91,1727848932,BR,-51.0664,0.0389
488,turaif,62.85,67,0,6.91,1727848982,SA,38.6637,31.6725
489,sangin,86.54,17,0,0.6,1727848982,AF,64.8359,32.0728
490,praia da vitoria,77.25,78,20,13.89,1727848983,PT,-27.0667,38.7333
491,amga,37.56,97,100,6.6,1727848983,RU,131.9608,60.8953
492,blumberg,49.21,91,91,6.78,1727848983,DE,8.5333,47.8406
493,pimentel,61.09,94,100,13.8,1727848983,PE,-79.9342,-6.8367
494,perbaungan,88.66,60,84,4.25,1727848983,ID,98.956,3.5679
495,maralal,67.66,63,53,8.84,1727848983,KE,36.698,1.0968
496,mersing,93.11,66,40,9.22,1727848983,MY,103.8405,2.4312
497,tazacorte,69.15,83,0,12.66,1727848983,ES,-17.9293,28.629
498,princeton,78.35,91,0,0.0,1727848983,US,-80.4089,25.5384
499,kalevala,39.54,79,62,3.06,1727848984,RU,31.1667,65.2
500,rongelap,84.24,78,43,16.17,1727848985,MH,166.8941,11.1635
501,el bauga,93.34,15,16,8.88,1727848985,SD,33.9081,18.262
502,jutai,77.56,67,96,1.92,1727848985,BR,-68.9,-5.1833
503,fyodorovka,50.79,38,29,13.13,1727848985,KZ,62.7078,53.6314
504,misratah,72.64,68,53,8.88,1727848985,LY,15.0925,32.3754
505,arcot,95.05,42,82,4.94,1727848985,IN,79.3333,12.9
506,wailua homesteads,75.13,89,27,1.99,1727848985,US,-159.378,22.0669
507,dauphin,55.54,44,100,11.5,1727848920,CA,-100.0502,51.1494
508,mariehamn,39.06,93,0,2.3,1727848802,AX,19.9348,60.0973
509,taulaga,80.76,78,65,12.8,1727848985,AS,-171.0883,-11.0553
510,kashgar,65.41,32,0,2.24,1727848986,CN,75.9797,39.4547
511,tikapur,85.78,67,0,3.94,1727848986,NP,81.1333,28.5
512,kapa'a,79.11,71,25,1.99,1727848986,US,-159.319,22.0752
513,kas,75.02,34,0,3.04,1727848986,TR,29.6377,36.2018
514,ravar,86.59,12,0,4.07,1727848986,IR,56.8055,31.2656
515,lashio,77.31,84,100,1.39,1727848986,MM,97.75,22.9333
516,taltal,59.65,73,11,2.04,1727848986,CL,-70.4833,-25.4
517,brainerd,51.94,46,0,10.36,1727848719,US,-94.2008,46.358
518,barcelos,65.5,99,100,4.25,1727848986,PT,-8.6151,41.5388
519,igarka,37.35,77,100,2.84,1727848986,RU,86.5833,67.4667
520,hibbing,46.94,53,20,0.0,1727848987,US,-92.9377,47.4272
521,la tuque,59.25,82,99,3.44,1727848987,CA,-72.7824,47.4334
522,wanxian,74.93,49,92,4.74,1727848987,CN,108.3897,30.8039
523,happy valley-goose bay,32.31,100,0,2.3,1727848987,CA,-60.3315,53.3168
524,hojai,84.7,78,99,2.59,1727848988,IN,92.8667,26.0
525,togur,45.91,54,6,14.92,1727848988,RU,82.8265,58.3631
526,graham,51.91,89,100,4.61,1727848984,US,-122.2943,47.0529
527,vitoria da conquista,57.42,98,8,3.78,1727848988,BR,-40.8394,-14.8661
528,parli vaijnath,87.87,61,36,6.96,1727848988,IN,76.5333,18.85
529,fort mcmurray,31.51,80,100,4.61,1727848988,CA,-111.381,56.7268
530,san jose de las lajas,72.23,92,2,3.67,1727848988,CU,-82.1511,22.9614
531,gwadar,85.48,70,1,9.84,1727848988,PK,62.3254,25.1216
532,flin flon,37.69,75,70,5.3,1727848989,CA,-101.865,54.7682
533,regina,49.01,67,100,4.61,1727848819,CA,-104.6178,50.4501
534,korla,67.15,26,1,16.64,1727848989,CN,86.1469,41.7597
535,bahia honda,77.81,85,2,3.76,1727848989,CU,-83.1592,22.9036
536,qarqaraly,61.68,23,99,8.1,1727848989,KZ,75.4742,49.4058
537,timbuktu,84.18,59,73,10.13,1727848990,ML,-3.0074,16.7735
538,spittal an der drau,53.08,99,100,1.5,1727848805,AT,13.5,46.8
539,syumsi,48.2,40,5,6.35,1727848991,RU,51.6149,57.1111
540,fedorovka,50.79,38,29,13.13,1727848991,KZ,62.7078,53.6314
541,aykhal,32.49,96,100,10.49,1727848992,RU,111.5,66.0
542,pangyan,87.1,64,56,5.55,1727848992,PH,125.2811,5.7008
543,bride,52.68,81,70,19.57,1727848992,IM,-4.3892,54.3826
544,yeniseysk,45.88,63,52,11.5,1727848992,RU,92.1703,58.4497
545,brasileia,77.77,59,14,3.33,1727848992,BR,-68.7481,-11.0161
546,funadhoo,82.11,77,75,10.71,1727848992,MV,73.2667,6.15
547,narvik,36.27,96,100,3.83,1727848992,NO,17.4272,68.4384
548,port saint john's,61.29,66,60,6.24,1727848992,ZA,29.5448,-31.6229
549,zouerate,81.09,35,81,7.87,1727848703,MR,-12.4521,22.7187
550,ixtapa,83.23,87,99,2.13,1727848704,MX,-105.2,20.7
551,rawson,44.89,76,0,12.66,1727848751,AR,-65.1023,-43.3002
552,porto santo stefano,60.39,100,94,10.36,1727848706,IT,11.1237,42.4338
553,marianna,69.84,88,0,0.0,1727848993,US,-85.2269,30.7744
554,sretensk,55.89,48,87,15.43,1727848993,RU,117.7093,52.2453
555,seminole,75.36,88,0,3.44,1727848993,US,-81.2081,28.7086
556,miguel ahumada,70.84,29,66,14.76,1727848993,MX,-106.5167,30.6167
557,farkhar,74.01,24,7,8.19,1727848715,AF,69.8578,36.5729
558,scottsbluff,55.29,40,33,5.53,1727848834,US,-103.6672,41.8666
559,prince rupert,49.69,87,100,35.68,1727848994,CA,-130.3201,54.3161
560,dapa,84.47,71,100,5.37,1727848994,PH,126.0531,9.7594
561,auki,81.63,82,44,2.77,1727848994,SB,160.7034,-8.7676
562,saint-joseph,77.38,72,20,8.81,1727848722,RE,55.6167,-21.3667
563,ust-nera,29.17,83,99,2.84,1727848994,RU,143.2,64.5667
564,sakaiminato,64.38,100,75,5.75,1727848994,JP,133.2333,35.55
565,mineros,88.05,37,36,7.52,1727848994,BO,-63.2333,-17.1167
566,veraval,85.33,72,45,7.72,1727848728,IN,70.3667,20.9
567,andkhoy,86.47,23,0,9.46,1727848995,AF,65.1238,36.9529
568,santa cruz,78.26,78,58,8.05,1727848908,BO,-63.1667,-17.8
569,sierra grande,46.58,38,37,17.6,1727848995,AR,-65.3557,-41.606
570,felege neway,71.22,80,98,2.33,1727848995,ET,36.8833,6.3
571,prince edward,62.73,93,100,8.01,1727848733,CA,-77.2495,44.0001
572,murzuq,73.22,35,0,6.26,1727848734,LY,13.9184,25.9155
573,ambovombe,68.94,74,98,14.43,1727848995,MG,46.0833,-25.1667
574,lagrange,64.2,94,0,0.0,1727848995,US,-85.0313,33.0393
575,swan hill,76.19,19,0,6.02,1727848738,AU,143.5544,-35.3378
576,aleg,85.06,60,24,9.86,1727848996,MR,-13.9209,17.0481
577,khovd,55.38,27,29,5.75,1727848996,MN,91.6419,48.0056
578,reyes,77.27,59,3,2.84,1727848996,BO,-67.3833,-14.3167
579,gejiu,57.43,81,100,0.65,1727848996,CN,103.1635,23.306
580,guiuan,84.61,71,100,6.82,1727848996,PH,125.7247,11.0333
581,general conesa,48.54,40,35,14.61,1727848746,AR,-64.4333,-40.1
582,lospalos,85.05,48,46,11.97,1727848996,TL,127.0025,-8.5186
583,moab,71.49,14,0,5.48,1727848996,US,-109.5498,38.5733
584,susanville,60.04,23,0,5.64,1727848745,US,-120.653,40.4163
585,chokwe,67.59,51,16,11.97,1727848750,MZ,32.9833,-24.5333
586,jindabyne,61.57,41,46,1.99,1727848806,AU,148.6333,-36.4167
587,inirida,75.4,88,89,0.78,1727848754,CO,-67.9239,3.8653
588,rikaze,66.09,30,6,2.93,1727848755,CN,88.8833,29.25
